﻿{"cameraMode":{"drawMode":0,"name":"Shaded","section":"Shading Mode"},"sceneLighting":true,"audioPlay":false,"sceneViewState":{"showFog":true,"showMaterialUpdate":false,"showSkybox":true,"showFlares":true,"showImageEffects":true,"showParticleSystems":true},"in2DMode":false,"pivot":{"x":102.27033233642578,"y":-6.2099761962890629,"z":107.06583404541016},"rotation":{"x":0.00899753998965025,"y":-0.9186319708824158,"z":0.02095804363489151,"w":0.39447954297065737},"size":145.85708618164063,"orthographic":false}